BFS-Gemeinde-Nr,Ort_BfS,Bevölkerung
1,Aeugst am Albis,1982
2,Affoltern am Albis,12229
3,Bonstetten,5548
4,Hausen am Albis,3701
5,Hedingen,3734
6,Kappel am Albis,1157
7,Knonau,2373
8,Maschwanden,656
9,Mettmenstetten,5094
10,Obfelden,5599
11,Ottenbach,2555
12,Rifferswil,1123
13,Stallikon,3680
14,Wettswil am Albis,5188
21,Adlikon,707
22,Benken (ZH),855
23,Berg am Irchel,570
24,Buch am Irchel,977
25,Dachsen,1920
26,Dorf,658
27,Feuerthalen,3623
28,Flaach,1414
29,Flurlingen,1438
30,Andelfingen,2215
31,Henggart,2239
32,Humlikon,487
33,Kleinandelfingen,2109
34,Laufen-Uhwiesen,1709
35,Marthalen,1908
36,Oberstammheim,1164
37,Ossingen,1641
38,Rheinau,1333
39,Thalheim an der Thur,917
40,Trüllikon,1066
41,Truttikon,477
42,Unterstammheim,928
43,Volken,362
44,Waltalingen,655
51,Bachenbülach,4165
52,Bassersdorf,11687
53,Bülach,20447
54,Dietlikon,7776
55,Eglisau,5217
56,Embrach,9440
57,Freienstein-Teufen,2371
58,Glattfelden,5200
59,Hochfelden,1931
60,Höri,2845
61,Hüntwangen,1031
62,Kloten,19679
63,Lufingen,2401
64,Nürensdorf,5629
65,Oberembrach,1073
66,Opfikon,20361
67,Rafz,4576
68,Rorbas,2830
69,Wallisellen,16324
70,Wasterkingen,560
71,Wil (ZH),1425
72,Winkel,4518
81,Bachs,580
82,Boppelsen,1377
83,Buchs (ZH),6397
84,Dällikon,4149
85,Dänikon,1874
86,Dielsdorf,6001
87,Hüttikon,926
88,Neerach,3178
89,Niederglatt,4954
90,Niederhasli,9264
91,Niederweningen,3053
92,Oberglatt,7108
93,Oberweningen,1803
94,Otelfingen,2939
95,Regensberg,485
96,Regensdorf,18457
97,Rümlang,8172
98,Schleinikon,728
99,Schöfflisdorf,1376
100,Stadel,2289
101,Steinmaur,3535
102,Weiach,1810
111,Bäretswil,5029
112,Bubikon,7334
113,Dürnten,7637
114,Fischenthal,2501
115,Gossau (ZH),10222
116,Grüningen,3475
117,Hinwil,11138
118,Rüti (ZH),12174
119,Seegräben,1443
120,Wald (ZH),9949
121,Wetzikon (ZH),24809
131,Adliswil,18769
134,Hütten,888
135,Kilchberg (ZH),8858
136,Langnau am Albis,7547
137,Oberrieden,5083
138,Richterswil,13513
139,Rüschlikon,6035
140,Schönenberg (ZH),1832
141,Thalwil,17990
142,Wädenswil,21621
295,Horgen,22665
151,Erlenbach (ZH),5618
152,Herrliberg,6391
153,Hombrechtikon,8757
154,Küsnacht (ZH),14397
155,Männedorf,11243
156,Meilen,14220
157,Oetwil am See,4817
158,Stäfa,14497
159,Uetikon am See,6176
160,Zumikon,5284
161,Zollikon,13012
172,Fehraltorf,6435
173,Hittnau,3688
176,Lindau,5617
177,Pfäffikon,11935
178,Russikon,4370
180,Weisslingen,3384
181,Wila,1971
182,Wildberg,1006
296,Illnau-Effretikon,17068
297,Bauma,4965
191,Dübendorf,28678
192,Egg,8598
193,Fällanden,8672
194,Greifensee,5358
195,Maur,10215
196,Mönchaltorf,3769
197,Schwerzenbach,5115
198,Uster,34722
199,Volketswil,18669
200,Wangen-Brüttisellen,7906
211,Altikon,706
213,Brütten,2010
214,Dägerlen,1017
215,Dättlikon,789
216,Dinhard,1655
218,Ellikon an der Thur,901
219,Elsau,3659
220,Hagenbuch,1082
221,Hettlingen,3148
223,Neftenbach,5679
224,Pfungen,3845
225,Rickenbach (ZH),2704
226,Schlatt (ZH),769
227,Seuzach,7342
228,Turbenthal,4900
230,Winterthur,111851
231,Zell (ZH),6032
294,Elgg,4903
298,Wiesendangen,6521
241,Aesch (ZH),1555
242,Birmensdorf (ZH),6519
243,Dietikon,27265
244,Geroldswil,4958
245,Oberengstringen,6600
246,Oetwil an der Limmat,2553
247,Schlieren,18736
248,Uitikon,4344
249,Unterengstringen,3881
250,Urdorf,9848
251,Weiningen (ZH),4832
261,Zürich,415367
431,Corgémont,1706
432,Cormoret,491
433,Cortébert,705
434,Courtelary,1438
435,La Ferrière,534
437,Mont-Tramelan,122
438,Orvin,1225
441,Renan (BE),928
442,Romont (BE),199
443,Saint-Imier,5131
444,Sonceboz-Sombeval,1968
445,Sonvilier,1237
446,Tramelan,4568
448,Villeret,925
449,Sauge,815
450,Péry-La Heutte,1901
681,Belprahon,294
683,Champoz,170
687,Corcelles (BE),205
690,Court,1420
691,Crémines,509
692,Eschert,377
694,Grandval,404
696,Loveresse,348
700,Moutier,7384
701,Perrefitte,463
703,Reconvilier,2317
704,Roches (BE),201
706,Saicourt,628
707,Saules (BE),151
708,Schelten,36
709,Seehof,58
711,Sorvilier,283
713,Tavannes,3586
715,Rebévelier,41
716,Petit-Val,426
717,Valbirse,3975
723,La Neuveville,3739
724,Nods,765
726,Plateau de Diesse,2048
371,Biel/Bienne,55159
372,Evilard,2674
387,Lengnau (BE),5254
390,Meinisberg,1303
392,Pieterlen,4364
731,Aegerten,2159
732,Bellmund,1689
733,Brügg,4390
739,Ipsach,3987
740,Ligerz,544
742,Mörigen,879
743,Nidau,6823
744,Orpund,2800
745,Port,3695
746,Safnern,1928
747,Scheuren,448
748,Schwadernau,662
750,Sutz-Lattrigen,1395
756,Twann-Tüscherz,1160
301,Aarberg,4628
302,Bargen (BE),999
303,Grossaffoltern,3018
304,Kallnach,1920
305,Kappelen,1419
306,Lyss,15282
309,Radelfingen,1285
310,Rapperswil (BE),2618
311,Schüpfen,3734
312,Seedorf (BE),3116
381,Arch,1594
382,Büetigen,870
383,Büren an der Aare,3583
385,Diessbach bei Büren,989
386,Dotzigen,1461
388,Leuzigen,1259
389,Meienried,59
391,Oberwil bei Büren,875
393,Rüti bei Büren,859
394,Wengi,613
491,Brüttelen,578
492,Erlach,1385
493,Finsterhennen,571
494,Gals,827
495,Gampelen,963
496,Ins,3564
497,Lüscherz,560
498,Müntschemier,1406
499,Siselen,595
500,Treiten,416
501,Tschugg,458
502,Vinelz,867
734,Bühl,464
735,Epsach,317
736,Hagneck,413
737,Hermrigen,322
738,Jens,659
741,Merzligen,393
749,Studen (BE),3326
751,Täuffelen,2872
754,Walperswil,1043
755,Worben,2287
321,Aarwangen,4561
322,Auswil,439
323,Bannwil,669
324,Bleienbach,697
325,Busswil bei Melchnau,188
326,Gondiswil,730
329,Langenthal,15624
331,Lotzwil,2565
332,Madiswil,3279
333,Melchnau,1517
334,Obersteckholz,419
335,Oeschenbach,232
336,Reisiswil,176
337,Roggwil (BE),4083
338,Rohrbach,1480
339,Rohrbachgraben,404
340,Rütschelen,557
341,Schwarzhäusern,522
342,Thunstetten,3397
344,Ursenbach,896
345,Wynau,1628
953,Eriswil,1396
954,Huttwil,4898
959,Walterswil (BE),538
960,Wyssachen,1138
971,Attiswil,1505
972,Berken,45
973,Bettenhausen,631
975,Farnern,202
976,Graben,332
977,Heimenhausen,1143
979,Herzogenbuchsee,7200
980,Inkwil,626
981,Niederbipp,4715
982,Niederönz,1670
983,Oberbipp,1767
985,Ochlenberg,570
987,Rumisberg,488
988,Seeberg,1560
989,Thörigen,1155
990,Walliswil bei Niederbipp,211
991,Walliswil bei Wangen,608
992,Wangen an der Aare,2312
993,Wangenried,425
995,Wiedlisbach,2377
996,Wolfisberg,184
401,Aefligen,1090
402,Alchenstorf,575
404,Burgdorf,16420
405,Ersigen,2068
406,Hasle bei Burgdorf,3286
407,Heimiswil,1621
408,Hellsau,211
409,Hindelbank,2496
410,Höchstetten,275
411,Kernenried,553
412,Kirchberg (BE),5965
413,Koppigen,2095
414,Krauchthal,2366
415,Lyssach,1446
416,Mötschwil,119
418,Oberburg,2937
420,Rüdtligen-Alchenflüh,2418
421,Rumendingen,78
422,Rüti bei Lyssach,160
423,Willadingen,205
424,Wynigen,2060
533,Bätterkinden,3250
552,Utzenstorf,4333
554,Wiler bei Utzenstorf,963
556,Zielebach,321
901,Eggiwil,2440
902,Langnau im Emmental,9380
903,Lauperswil,2615
904,Röthenbach im Emmental,1169
905,Rüderswil,2385
906,Schangnau,908
907,Signau,2660
908,Trub,1326
909,Trubschachen,1450
951,Affoltern im Emmental,1101
952,Dürrenroth,1061
955,Lützelflüh,4147
956,Rüegsau,3260
957,Sumiswald,5045
958,Trachselwald,960
307,Meikirch,2461
351,Bern,133883
352,Bolligen,6264
353,Bremgarten bei Bern,4387
354,Kirchlindach,3160
355,Köniz,41784
356,Muri bei Bern,13054
357,Oberbalm,853
358,Stettlen,3116
359,Vechigen,5298
360,Wohlen bei Bern,9282
361,Zollikofen,10306
362,Ittigen,11351
363,Ostermundigen,17751
403,Bäriswil,1062
535,Deisswil bei Münchenbuchsee,86
536,Diemerswil,206
538,Fraubrunnen,5113
540,Jegenstorf,5746
541,Iffwil,443
543,Mattstetten,561
544,Moosseedorf,4111
546,Münchenbuchsee,10213
551,Urtenen-Schönbühl,6271
553,Wiggiswil,103
557,Zuzwil (BE),578
602,Arni (BE),928
603,Biglen,1815
605,Bowil,1373
606,Brenzikofen,488
607,Freimettigen,466
608,Grosshöchstetten,4166
609,Häutligen,250
610,Herbligen,603
611,Kiesen,1001
612,Konolfingen,5283
613,Landiswil,625
614,Linden,1298
615,Mirchel,624
616,Münsingen,12724
617,Niederhünigen,644
619,Oberdiessbach,3527
620,Oberthal,727
622,Oppligen,650
623,Rubigen,2929
626,Walkringen,1767
627,Worb,11316
628,Zäziwil,1595
629,Oberhünigen,313
630,Allmendingen,590
632,Wichtrach,4293
661,Clavaleyres,46
662,Ferenbalm,1260
663,Frauenkappelen,1240
664,Golaten,302
665,Gurbrü,261
666,Kriechenwil,427
667,Laupen,3136
668,Mühleberg,2986
669,Münchenwiler,522
670,Neuenegg,5541
671,Wileroltigen,360
852,Guggisberg,1508
853,Rüschegg,1662
855,Schwarzenburg,6831
861,Belp,11510
866,Gerzensee,1215
868,Jaberg,278
869,Kaufdorf,1089
870,Kehrsatz,4305
872,Kirchdorf (BE),1843
873,Kirchenthurnen,293
874,Lohnstorf,227
876,Mühlethurnen,1402
877,Niedermuhlern,501
879,Riggisberg,2554
880,Rüeggisberg,1791
881,Rümligen,438
884,Toffen,2515
888,Wald (BE),1177
767,Reutigen,999
770,Stocken-Höfen,1016
863,Burgistein,1096
867,Gurzelen,840
883,Seftigen,2144
885,Uttigen,2103
886,Wattenwil,2936
921,Amsoldingen,812
922,Blumenstein,1246
923,Buchholterberg,1527
924,Eriz,483
925,Fahrni,809
927,Heiligenschwendi,703
928,Heimberg,6832
929,Hilterfingen,4047
931,Homberg,509
932,Horrenbach-Buchen,235
934,Oberhofen am Thunersee,2413
935,Oberlangenegg,462
936,Pohlern,255
937,Schwendibach,250
938,Sigriswil,4833
939,Steffisburg,15709
940,Teuffenthal (BE),174
941,Thierachern,2428
942,Thun,43734
943,Uebeschi,673
944,Uetendorf,5893
945,Unterlangenegg,998
946,Wachseldorn,235
947,Zwieselberg,332
948,Forst-Längenbühl,765
791,Boltigen,1263
792,Lenk,2345
793,St. Stephan,1339
794,Zweisimmen,3018
841,Gsteig,978
842,Lauenen,827
843,Saanen,6818
561,Adelboden,3390
562,Aeschi bei Spiez,2217
563,Frutigen,6923
564,Kandergrund,805
565,Kandersteg,1298
566,Krattigen,1132
567,Reichenbach im Kandertal,3608
761,Därstetten,849
762,Diemtigen,2250
763,Erlenbach im Simmental,1746
766,Oberwil im Simmental,808
768,Spiez,12812
769,Wimmis,2537
571,Beatenberg,1195
572,Bönigen,2536
573,Brienz (BE),3092
574,Brienzwiler,479
575,Därligen,435
576,Grindelwald,3802
577,Gsteigwiler,406
578,Gündlischwand,338
579,Habkern,639
580,Hofstetten bei Brienz,518
581,Interlaken,5610
582,Iseltwald,438
584,Lauterbrunnen,2290
585,Leissigen,1123
586,Lütschental,216
587,Matten bei Interlaken,4103
588,Niederried bei Interlaken,357
589,Oberried am Brienzersee,459
590,Ringgenberg (BE),2562
591,Saxeten,99
592,Schwanden bei Brienz,617
593,Unterseen,5751
594,Wilderswil,2658
782,Guttannen,263
783,Hasliberg,1164
784,Innertkirchen,1063
785,Meiringen,4622
786,Schattenhalb,552
1061,Luzern,81691
1051,Adligenswil,5391
1052,Buchrain,6242
1053,Dierikon,1475
1054,Ebikon,13617
1055,Gisikon,1387
1056,Greppen,1118
1057,Honau,395
1058,Horw,14109
1059,Kriens,27444
1062,Malters,7318
1063,Meggen,7238
1064,Meierskappel,1460
1065,Root,5041
1066,Schwarzenberg,1709
1067,Udligenswil,2280
1068,Vitznau,1379
1069,Weggis,4369
1021,Aesch (LU),1246
1022,Altwis,437
1023,Ballwil,2764
1024,Emmen,30929
1025,Ermensee,990
1026,Eschenbach (LU),3583
1030,Hitzkirch,5316
1031,Hochdorf,9846
1032,Hohenrain,2415
1033,Inwil,2620
1037,Rain,2807
1039,Römerswil,1789
1040,Rothenburg,7617
1041,Schongau,1039
1081,Beromünster,6580
1082,Büron,2541
1083,Buttisholz,3294
1084,Eich,1626
1085,Geuensee,2942
1086,Grosswangen,3241
1088,Hildisrieden,2334
1089,Knutwil,2229
1091,Mauensee,1458
1093,Neuenkirch,7065
1094,Nottwil,3858
1095,Oberkirch,4707
1097,Rickenbach (LU),3366
1098,Ruswil,6969
1099,Schenkon,2939
1100,Schlierbach,892
1102,Sempach,4169
1103,Sursee,9955
1104,Triengen,4652
1121,Alberswil,662
1122,Altbüron,1005
1123,Altishofen,1577
1125,Dagmersellen,5504
1126,Ebersecken,378
1127,Egolzwil,1457
1128,Ettiswil,2747
1129,Fischbach,711
1130,Gettnau,1170
1131,Grossdietwil,858
1132,Hergiswil bei Willisau,1913
1135,Luthern,1275
1136,Menznau,2879
1137,Nebikon,2635
1139,Pfaffnau,2678
1140,Reiden,7132
1142,Roggliswil,707
1143,Schötz,4434
1145,Ufhusen,902
1146,Wauwil,2247
1147,Wikon,1529
1150,Zell (LU),2038
1151,Willisau,7781
1001,Doppleschwand,782
1002,Entlebuch,3284
1004,Flühli,1961
1005,Hasle (LU),1744
1007,Romoos,666
1008,Schüpfheim,4219
1009,Werthenstein,2122
1010,Escholzmatt-Marbach,4342
1107,Wolhusen,4340
1201,Altdorf (UR),9401
1202,Andermatt,1390
1203,Attinghausen,1725
1204,Bauen,165
1205,Bürglen (UR),3977
1206,Erstfeld,3788
1207,Flüelen,1972
1208,Göschenen,448
1209,Gurtnellen,540
1210,Hospental,186
1211,Isenthal,483
1212,Realp,153
1213,Schattdorf,5424
1214,Seedorf (UR),1858
1215,Seelisberg,661
1216,Silenen,1949
1217,Sisikon,369
1218,Spiringen,849
1219,Unterschächen,697
1220,Wassen,398
1301,Einsiedeln,15870
1311,Gersau,2319
1321,Feusisberg,5263
1322,Freienbach,16391
1323,Wollerau,7255
1331,Küssnacht (SZ),13087
1341,Altendorf,7083
1342,Galgenen,5211
1343,Innerthal,173
1344,Lachen,8752
1345,Reichenburg,3750
1346,Schübelbach,9250
1347,Tuggen,3310
1348,Vorderthal,1015
1349,Wangen (SZ),5054
1361,Alpthal,616
1362,Arth,11985
1363,Illgau,802
1364,Ingenbohl,8913
1365,Lauerz,1100
1366,Morschach,1159
1367,Muotathal,3527
1368,Oberiberg,902
1369,Riemenstalden,90
1370,Rothenthurm,2411
1371,Sattel,1938
1372,Schwyz,15181
1373,Steinen,3417
1374,Steinerberg,946
1375,Unteriberg,2395
1401,Alpnach,6031
1402,Engelberg,4181
1403,Giswil,3658
1404,Kerns,6337
1405,Lungern,2120
1406,Sachseln,5146
1407,Sarnen,10368
1501,Beckenried,3672
1502,Buochs,5311
1503,Dallenwil,1846
1504,Emmetten,1429
1505,Ennetbürgen,4801
1506,Ennetmoos,2193
1507,Hergiswil (NW),5777
1508,Oberdorf (NW),3124
1509,Stans,8393
1510,Stansstad,4580
1511,Wolfenschiessen,2097
1630,Glarus Nord,18483
1631,Glarus Süd,9494
1632,Glarus,12426
1701,Baar,24468
1702,Cham,16723
1703,Hünenberg,8808
1704,Menzingen,4539
1705,Neuheim,2257
1706,Oberägeri,6081
1707,Risch,10862
1708,Steinhausen,10026
1709,Unterägeri,8868
1710,Walchwil,3663
1711,Zug,30542
2008,Châtillon (FR),466
2009,Cheiry,416
2011,Cugy (FR),1752
2016,Fétigny,1060
2022,Gletterens,1071
2025,Lully (FR),1141
2027,Ménières,439
2029,Montagny (FR),2634
2035,Nuvilly,426
2038,Prévondavaux,65
2041,Saint-Aubin (FR),1801
2043,Sévaz,289
2044,Surpierre,708
2045,Vallon,447
2050,Les Montets,1474
2051,Delley-Portalban,1148
2053,Belmont-Broye,5521
2054,Estavayer,9716
2055,Cheyres-Châbles,2320
2061,Auboranges,289
2063,Billens-Hennens,772
2066,Chapelle (Glâne),291
2067,Le Châtelard,372
2068,Châtonnaye,846
2072,Ecublens (FR),339
2079,Grangettes,212
2086,Massonnens,527
2087,Mézières (FR),1045
2089,Montet (Glâne),385
2096,Romont (FR),5280
2097,Rue,1526
2099,Siviriez,2239
2102,Ursy,3198
2111,Villaz-Saint-Pierre,1305
2113,Vuisternens-devant-Romont,2324
2114,Villorsonnens,1441
2115,Torny,964
2116,La Folliaz,982
2121,Haut-Intyamon,1542
2122,Pont-en-Ogoz,1824
2123,Botterens,577
2124,Broc,2651
2125,Bulle,23439
2128,Châtel-sur-Montsalvens,286
2129,Corbières,898
2130,Crésuz,382
2131,Echarlens,840
2134,Grandvillard,844
2135,Gruyères,2200
2137,Hauteville,672
2138,Jaun,644
2140,Marsens,1909
2143,Morlon,615
2145,Le Pâquier (FR),1344
2147,Pont-la-Ville,601
2148,Riaz,2781
2149,La Roche,1711
2152,Sâles,1463
2153,Sorens,1098
2155,Vaulruz,1063
2160,Vuadens,2405
2162,Bas-Intyamon,1454
2163,Val-de-Charmey,2483
2171,Arconciel,949
2173,Autigny,796
2174,Avry,1921
2175,Belfaux,3283
2177,Chénens,856
2183,Corminboeuf,2696
2185,Corserey,419
2186,Cottens (FR),1509
2189,Ependes (FR),1089
2194,Ferpicloz,273
2196,Fribourg,38365
2197,Givisiez,3166
2198,Granges-Paccot,3750
2200,Grolley,1921
2206,Marly,8193
2208,Matran,1521
2211,Neyruz (FR),2567
2213,Noréaz,717
2216,Pierrafortscha,156
2217,Ponthaux,745
2220,Le Mouret,3154
2221,Prez-vers-Noréaz,1100
2225,Senèdes,160
2226,Treyvaux,1470
2228,Villars-sur-Glâne,12094
2230,Villarsel-sur-Marly,84
2233,Hauterive (FR),2498
2234,La Brillaz,2046
2235,La Sonnaz,1190
2236,Gibloux,7448
2250,Courgevaux,1420
2254,Courtepin,5454
2257,Cressier (FR),1002
2258,Fräschels,464
2259,Galmiz,679
2260,Gempenach,289
2261,Greng,174
2262,Gurmels,4352
2265,Kerzers,4970
2266,Kleinbösingen,693
2271,Meyriez,565
2272,Misery-Courtion,2044
2274,Muntelier,972
2275,Murten,8279
2276,Ried bei Kerzers,1183
2278,Ulmiz,441
2284,Mont-Vully,3819
2291,Alterswil,2028
2292,Brünisried,645
2293,Düdingen,7964
2294,Giffers,1634
2295,Bösingen,3408
2296,Heitenried,1403
2299,Plaffeien,3594
2300,Plasselb,1048
2301,Rechthalten,1103
2302,St. Antoni,2076
2303,St. Silvester,958
2304,St. Ursen,1345
2305,Schmitten (FR),4035
2306,Tafers,3450
2307,Tentlingen,1345
2308,Ueberstorf,2375
2309,Wünnewil-Flamatt,5579
2321,Attalens,3521
2323,Bossonnens,1505
2325,Châtel-Saint-Denis,6971
2328,Granges (Veveyse),880
2333,Remaufens,1140
2335,Saint-Martin (FR),1005
2336,Semsales,1413
2337,Le Flon,1208
2338,La Verrerie,1188
2401,Egerkingen,3683
2402,Härkingen,1644
2403,Kestenholz,1805
2404,Neuendorf,2237
2405,Niederbuchsiten,1175
2406,Oberbuchsiten,2297
2407,Oensingen,6288
2408,Wolfwil,2274
2421,Aedermannsdorf,570
2422,Balsthal,6121
2423,Gänsbrunnen,85
2424,Herbetswil,539
2425,Holderbank (SO),696
2426,Laupersdorf,1813
2427,Matzendorf,1332
2428,Mümliswil-Ramiswil,2441
2429,Welschenrohr,1115
2445,Biezwil,305
2455,Lüterkofen-Ichertswil,797
2456,Lüterswil-Gächliwil,322
2457,Messen,1481
2461,Schnottwil,1135
2463,Unterramsern,218
2464,Lüsslingen-Nennigkofen,1083
2465,Buchegg,2580
2471,Bättwil,1186
2472,Büren (SO),1043
2473,Dornach,6780
2474,Gempen,867
2475,Hochwald,1310
2476,Hofstetten-Flüh,3157
2477,Metzerlen-Mariastein,933
2478,Nuglar-St. Pantaleon,1487
2479,Rodersdorf,1310
2480,Seewen,1010
2481,Witterswil,1438
2491,Hauenstein-Ifenthal,315
2492,Kienberg,513
2493,Lostorf,3952
2495,Niedergösgen,3865
2497,Obergösgen,2206
2498,Rohr (SO),91
2499,Stüsslingen,1055
2500,Trimbach,6552
2501,Winznau,1919
2502,Wisen (SO),417
2503,Erlinsbach (SO),3556
2511,Aeschi (SO),1214
2513,Biberist,8568
2514,Bolken,601
2516,Deitingen,2207
2517,Derendingen,6482
2518,Etziken,881
2519,Gerlafingen,5204
2520,Halten,864
2523,Horriwil,846
2524,Hüniken,148
2525,Kriegstetten,1293
2526,Lohn-Ammannsegg,2814
2527,Luterbach,3480
2528,Obergerlafingen,1176
2529,Oekingen,839
2530,Recherswil,2009
2532,Subingen,3203
2534,Zuchwil,8962
2535,Drei Höfe,746
2541,Balm bei Günsberg,205
2542,Bellach,5213
2543,Bettlach,4911
2544,Feldbrunnen-St. Niklaus,982
2545,Flumenthal,976
2546,Grenchen,17372
2547,Günsberg,1175
2548,Hubersdorf,747
2549,Kammersrohr,28
2550,Langendorf,3782
2551,Lommiswil,1536
2553,Oberdorf (SO),1724
2554,Riedholz,2310
2555,Rüttenen,1462
2556,Selzach,3447
2571,Boningen,772
2572,Däniken,2851
2573,Dulliken,5048
2574,Eppenberg-Wöschnau,330
2575,Fulenbach,1777
2576,Gretzenbach,2784
2578,Gunzgen,1652
2579,Hägendorf,5138
2580,Kappel (SO),3239
2581,Olten,18363
2582,Rickenbach (SO),1012
2583,Schönenwerd,4911
2584,Starrkirch-Wil,1714
2585,Walterswil (SO),724
2586,Wangen bei Olten,5057
2601,Solothurn,16777
2611,Bärschwil,788
2612,Beinwil (SO),283
2613,Breitenbach,3854
2614,Büsserach,2296
2615,Erschwil,924
2616,Fehren,605
2617,Grindel,512
2618,Himmelried,909
2619,Kleinlützel,1261
2620,Meltingen,660
2621,Nunningen,1880
2622,Zullwil,668
2701,Basel,172258
2702,Bettingen,1169
2703,Riehen,21339
2761,Aesch (BL),10352
2762,Allschwil,21157
2763,Arlesheim,9129
2764,Biel-Benken,3414
2765,Binningen,15678
2766,Birsfelden,10303
2767,Bottmingen,6693
2768,Ettingen,5267
2769,Münchenstein,12099
2770,Muttenz,17809
2771,Oberwil (BL),11138
2772,Pfeffingen,2336
2773,Reinach (BL),19216
2774,Schönenbuch,1396
2775,Therwil,9867
2781,Blauen,691
2782,Brislach,1652
2783,Burg im Leimental,263
2784,Dittingen,729
2785,Duggingen,1541
2786,Grellingen,1845
2787,Laufen,5619
2788,Liesberg,1129
2789,Nenzlingen,443
2790,Roggenburg,276
2791,Röschenz,1863
2792,Wahlen,1462
2793,Zwingen,2399
2821,Arisdorf,1639
2822,Augst,1024
2823,Bubendorf,4390
2824,Frenkendorf,6436
2825,Füllinsdorf,4488
2826,Giebenach,1055
2827,Hersberg,319
2828,Lausen,5210
2829,Liestal,14390
2830,Lupsingen,1436
2831,Pratteln,16626
2832,Ramlinsburg,715
2833,Seltisberg,1301
2834,Ziefen,1589
2841,Anwil,566
2842,Böckten,820
2843,Buckten,698
2844,Buus,1066
2845,Diepflingen,756
2846,Gelterkinden,6200
2847,Häfelfingen,250
2848,Hemmiken,263
2849,Itingen,2157
2850,Känerkinden,528
2851,Kilchberg (BL),159
2852,Läufelfingen,1291
2853,Maisprach,922
2854,Nusshof,263
2855,Oltingen,474
2856,Ormalingen,2215
2857,Rickenbach (BL),596
2858,Rothenfluh,766
2859,Rümlingen,420
2860,Rünenberg,758
2861,Sissach,6681
2862,Tecknau,829
2863,Tenniken,906
2864,Thürnen,1364
2865,Wenslingen,722
2866,Wintersingen,620
2867,Wittinsburg,424
2868,Zeglingen,508
2869,Zunzgen,2561
2881,Arboldswil,578
2882,Bennwil,664
2883,Bretzwil,768
2884,Diegten,1657
2885,Eptingen,529
2886,Hölstein,2528
2887,Lampenberg,499
2888,Langenbruck,958
2889,Lauwil,326
2890,Liedertswil,162
2891,Niederdorf,1795
2892,Oberdorf (BL),2434
2893,Reigoldswil,1582
2894,Titterten,404
2895,Waldenburg,1081
2901,Gächlingen,836
2903,Löhningen,1472
2904,Neunkirch,2289
2914,Büttenhardt,416
2915,Dörflingen,1028
2917,Lohn (SH),758
2919,Stetten (SH),1351
2920,Thayngen,5453
2931,Bargen (SH),313
2932,Beringen,4804
2933,Buchberg,866
2936,Merishausen,859
2937,Neuhausen am Rheinfall,10512
2938,Rüdlingen,750
2939,Schaffhausen,36587
2951,Beggingen,476
2952,Schleitheim,1681
2953,Siblingen,886
2961,Buch (SH),316
2962,Hemishofen,468
2963,Ramsen,1469
2964,Stein am Rhein,3415
2971,Hallau,2221
2972,Oberhallau,444
2973,Trasadingen,584
2974,Wilchingen,1737
3001,Herisau,15745
3002,Hundwil,941
3003,Schönengrund,532
3004,Schwellbrunn,1573
3005,Stein (AR),1429
3006,Urnäsch,2303
3007,Waldstatt,1870
3021,Bühler,1799
3022,Gais,3091
3023,Speicher,4382
3024,Teufen (AR),6265
3025,Trogen,1735
3031,Grub (AR),1008
3032,Heiden,4162
3033,Lutzenberg,1279
3034,Rehetobel,1747
3035,Reute (AR),688
3036,Wald (AR),877
3037,Walzenhausen,1971
3038,Wolfhalden,1837
3101,Appenzell,5795
3102,Gonten,1462
3103,Rüte,3648
3104,Schlatt-Haslen,1128
3105,Schwende,2196
3111,Oberegg,1916
3201,Häggenschwil,1365
3202,Muolen,1200
3203,St. Gallen,75833
3204,Wittenbach,9691
3212,Eggersriet,2280
3441,Andwil (SG),2014
3442,Gaiserwald,8363
3443,Gossau (SG),18173
3444,Waldkirch,3500
3211,Berg (SG),850
3213,Goldach,9269
3214,Mörschwil,3585
3215,Rorschach,9441
3216,Rorschacherberg,7286
3217,Steinach,3606
3218,Tübach,1461
3219,Untereggen,1073
3237,Thal,6571
3231,Au (SG),7789
3232,Balgach,4798
3233,Berneck,3963
3234,Diepoldsau,6471
3235,Rheineck,3419
3236,St. Margrethen,5890
3238,Widnau,9619
3251,Altstätten,11733
3252,Eichberg,1535
3253,Marbach (SG),2105
3254,Oberriet (SG),8879
3255,Rebstein,4494
3256,Rüthi (SG),2399
3271,Buchs (SG),12661
3272,Gams,3471
3273,Grabs,7068
3274,Sennwald,5592
3275,Sevelen,5104
3276,Wartau,5297
3291,Bad Ragaz,6102
3292,Flums,4858
3293,Mels,8623
3294,Pfäfers,1565
3295,Quarten,2937
3296,Sargans,6133
3297,Vilters-Wangs,4817
3298,Walenstadt,5679
3311,Amden,1784
3312,Benken (SG),3025
3313,Kaltbrunn,4839
3315,Schänis,3819
3316,Weesen,1724
3338,Schmerikon,3710
3339,Uznach,6417
3340,Rapperswil-Jona,26999
3341,Gommiswald,5167
3342,Eschenbach (SG),9605
3352,Ebnat-Kappel,5031
3359,Wildhaus-Alt St. Johann,2626
3360,Nesslau,3578
3372,Hemberg,906
3374,Lichtensteig,1869
3375,Oberhelfenschwil,1261
3378,Neckertal,4035
3379,Wattwil,8740
3392,Kirchberg (SG),9073
3393,Lütisburg,1576
3394,Mosnang,2881
3395,Bütschwil-Ganterschwil,4876
3401,Degersheim,4130
3402,Flawil,10523
3405,Jonschwil,3774
3407,Oberuzwil,6413
3408,Uzwil,12892
3422,Niederbüren,1514
3423,Niederhelfenschwil,3149
3424,Oberbüren,4448
3426,Zuzwil (SG),4785
3427,Wil (SG),23966
3506,Vaz/Obervaz,2780
3513,Lantsch/Lenz,535
3514,Schmitten (GR),234
3542,Albula/Alvra,1310
3543,Surses,2356
3544,Bergün Filisur,905
3551,Brusio,1113
3561,Poschiavo,3516
3746,Zernez,1527
3752,Samnaun,767
3762,Scuol,4591
3764,Valsot,855
3847,Val Müstair,1460
3721,Bonaduz,3331
3722,Domat/Ems,8038
3723,Rhäzüns,1496
3731,Felsberg,2622
3732,Flims,2836
3733,Tamins,1217
3734,Trin,1430
3945,Trimmis,3304
3946,Untervaz,2521
3947,Zizers,3434
3951,Fläsch,799
3952,Jenins,886
3953,Maienfeld,2945
3954,Malans,2379
3955,Landquart,8889
3781,Bever,616
3782,Celerina/Schlarigna,1502
3783,Madulain,210
3784,Pontresina,2162
3785,La Punt-Chamues-ch,686
3786,Samedan,2924
3787,St. Moritz,4928
3788,S-chanf,690
3789,Sils im Engadin/Segl,700
3790,Silvaplana,1111
3791,Zuoz,1186
3792,Bregaglia,1544
3804,Buseno,87
3805,Castaneda,275
3808,Rossa,148
3810,Santa Maria in Calanca,109
3821,Lostallo,792
3822,Mesocco,1347
3823,Soazza,319
3831,Cama,560
3832,Grono,1378
3834,Roveredo (GR),2520
3835,San Vittore,832
3837,Calanca,199
3901,Chur,35378
3911,Churwalden,1949
3921,Arosa,3131
3926,Maladers,519
3932,Tschiertschen-Praden,305
3941,Haldenstein,1033
3851,Davos,10899
3861,Fideris,608
3862,Furna,221
3863,Jenaz,1146
3871,Klosters-Serneus,4451
3881,Conters im Prättigau,226
3882,Küblis,853
3891,Luzein,1582
3961,Grüsch,2076
3962,Schiers,2679
3972,Seewis im Prättigau,1342
3572,Falera,615
3575,Laax,1858
3581,Sagogn,719
3582,Schluein,648
3603,Vals,1007
3618,Lumnezia,2026
3619,Ilanz/Glion,4756
3672,Safiental,901
3981,Breil/Brigels,1757
3982,Disentis/Mustér,2080
3983,Medel (Lucmagn),362
3985,Sumvitg,1158
3986,Tujetsch,1238
3987,Trun,1170
3988,Obersaxen Mundaun,1188
3633,Fürstenau,353
3637,Rothenbrunnen,299
3638,Scharans,789
3640,Sils im Domleschg,943
3661,Cazis,2228
3662,Flerden,248
3663,Masein,488
3668,Thusis,3217
3669,Tschappina,130
3670,Urmein,154
3673,Domleschg,2067
3681,Avers,168
3691,Hinterrhein,61
3693,Nufenen,139
3694,Splügen,377
3695,Sufers,144
3701,Andeer,908
3703,Casti-Wergenstein,56
3705,Donat,202
3707,Lohn (GR),46
3708,Mathon,51
3711,Rongellen,53
3712,Zillis-Reischen,401
3713,Ferrera,75
4001,Aarau,21506
4002,Biberstein,1571
4003,Buchs (AG),7966
4004,Densbüren,730
4005,Erlinsbach (AG),4196
4006,Gränichen,7735
4007,Hirschthal,1590
4008,Küttigen,6182
4009,Muhen,3878
4010,Oberentfelden,8363
4012,Suhr,10431
4013,Unterentfelden,4157
4021,Baden,19342
4022,Bellikon,1562
4023,Bergdietikon,2829
4024,Birmenstorf (AG),2991
4026,Ennetbaden,3499
4027,Fislisbach,5546
4028,Freienwil,1053
4029,Gebenstorf,5414
4030,Killwangen,2074
4031,Künten,1750
4032,Mägenwil,2112
4033,Mellingen,5633
4034,Neuenhof,8825
4035,Niederrohrdorf,4105
4037,Oberrohrdorf,4072
4038,Obersiggenthal,8568
4039,Remetschwil,1991
4040,Spreitenbach,11881
4041,Stetten (AG),2202
4042,Turgi,3013
4044,Untersiggenthal,7240
4045,Wettingen,20852
4046,Wohlenschwil,1566
4047,Würenlingen,4702
4048,Würenlos,6484
4049,Ehrendingen,4823
4061,Arni (AG),1845
4062,Berikon,4776
4063,Bremgarten (AG),7946
4064,Büttikon,995
4065,Dottikon,3880
4066,Eggenwil,1053
4067,Fischbach-Göslikon,1640
4068,Hägglingen,2422
4071,Jonen,2109
4072,Niederwil (AG),2833
4073,Oberlunkhofen,2037
4074,Oberwil-Lieli,2416
4075,Rudolfstetten-Friedlisberg,4502
4076,Sarmenstorf,2902
4077,Tägerig,1511
4078,Uezwil,485
4079,Unterlunkhofen,1415
4080,Villmergen,7328
4081,Widen,3698
4082,Wohlen (AG),16484
4083,Zufikon,4482
4084,Islisberg,609
4091,Auenstein,1582
4092,Birr,4354
4093,Birrhard,729
4094,Bözen,744
4095,Brugg,11179
4096,Effingen,595
4097,Elfingen,300
4099,Habsburg,440
4100,Hausen (AG),3633
4104,Lupfig,3113
4105,Mandach,341
4106,Mönthal,394
4107,Mülligen,1109
4110,Remigen,1135
4111,Riniken,1452
4112,Rüfenach,856
4114,Schinznach-Bad,1348
4117,Thalheim (AG),831
4120,Veltheim (AG),1465
4121,Villigen,2127
4122,Villnachern,1634
4123,Windisch,7668
4124,Bözberg,1589
4125,Schinznach,2256
4131,Beinwil am See,3276
4132,Birrwil,1167
4133,Burg (AG),1023
4134,Dürrenäsch,1255
4135,Gontenschwil,2171
4136,Holziken,1454
4137,Leimbach (AG),452
4138,Leutwil,765
4139,Menziken,6334
4140,Oberkulm,2720
4141,Reinach (AG),8501
4142,Schlossrued,838
4143,Schmiedrued,1169
4144,Schöftland,4393
4145,Teufenthal (AG),1672
4146,Unterkulm,3087
4147,Zetzwil,1304
4161,Eiken,2291
4163,Frick,5564
4164,Gansingen,1034
4165,Gipf-Oberfrick,3542
4166,Herznach,1545
4167,Hornussen,965
4169,Kaisten,2670
4170,Laufenburg,3632
4172,Münchwilen (AG),930
4173,Oberhof,606
4175,Oeschgen,1026
4176,Schwaderloch,672
4177,Sisseln,1616
4179,Ueken,904
4181,Wittnau,1309
4182,Wölflinswil,1049
4183,Zeihen,1171
4184,Mettauertal,2026
4191,Ammerswil,700
4192,Boniswil,1428
4193,Brunegg,847
4194,Dintikon,2229
4195,Egliswil,1456
4196,Fahrwangen,2137
4197,Hallwil,875
4198,Hendschiken,1269
4199,Holderbank (AG),1320
4200,Hunzenschwil,4016
4201,Lenzburg,10574
4202,Meisterschwanden,2960
4203,Möriken-Wildegg,4439
4204,Niederlenz,4776
4205,Othmarsingen,2896
4206,Rupperswil,5489
4207,Schafisheim,2997
4208,Seengen,3996
4209,Seon,5288
4210,Staufen,3336
4221,Abtwil,981
4222,Aristau,1497
4223,Auw,2157
4224,Beinwil (Freiamt),1142
4226,Besenbüren,624
4227,Bettwil,626
4228,Boswil,2838
4229,Bünzen,1111
4230,Buttwil,1233
4231,Dietwil,1336
4232,Geltwil,217
4233,Kallern,368
4234,Merenschwand,3549
4235,Mühlau,1176
4236,Muri (AG),7811
4237,Oberrüti,1536
4238,Rottenschwil,858
4239,Sins,4259
4240,Waltenschwil,2933
4251,Hellikon,783
4252,Kaiseraugst,5554
4253,Magden,3914
4254,Möhlin,11043
4255,Mumpf,1467
4256,Obermumpf,1074
4257,Olsberg,358
4258,Rheinfelden,13532
4259,Schupfart,808
4260,Stein (AG),3198
4261,Wallbach,1953
4262,Wegenstetten,1066
4263,Zeiningen,2310
4264,Zuzgen,860
4271,Aarburg,8197
4272,Attelwil,302
4273,Bottenwil,790
4274,Brittnau,3954
4275,Kirchleerau,863
4276,Kölliken,4476
4277,Moosleerau,919
4279,Murgenthal,2985
4280,Oftringen,13794
4281,Reitnau,1243
4282,Rothrist,9127
4283,Safenwil,3842
4284,Staffelbach,1281
4285,Strengelbach,4896
4286,Uerkheim,1334
4287,Vordemwald,1955
4288,Wiliberg,166
4289,Zofingen,11656
4301,Baldingen,265
4302,Böbikon,176
4303,Böttstein,3952
4304,Döttingen,4059
4305,Endingen,2530
4306,Fisibach,506
4307,Full-Reuenthal,888
4308,Kaiserstuhl,434
4309,Klingnau,3480
4310,Koblenz,1660
4311,Leibstadt,1325
4312,Lengnau (AG),2744
4313,Leuggern,2169
4314,Mellikon,224
4315,Rekingen (AG),971
4316,Rietheim,726
4317,Rümikon,333
4318,Schneisingen,1462
4319,Siglistorf,641
4320,Tegerfelden,1190
4322,Wislikofen,340
4323,Bad Zurzach,4343
4401,Arbon,14633
4406,Dozwil,694
4411,Egnach,4711
4416,Hefenhofen,1200
4421,Horn,2752
4426,Kesswil,992
4431,Roggwil (TG),3068
4436,Romanshorn,11165
4441,Salmsach,1457
4446,Sommeri,571
4451,Uttwil,1857
4461,Amriswil,13538
4536,Basadingen-Schlattingen,1837
4545,Diessenhofen,3999
4546,Schlatt (TG),1708
4561,Felben-Wellhausen,2841
4566,Frauenfeld,25611
4571,Gachnang,4364
4590,Hüttlingen,850
4591,Matzingen,2918
4601,Neunforn,1039
4606,Stettfurt,1204
4611,Thundorf,1437
4616,Uesslingen-Buch,1088
4621,Warth-Weiningen,1346
4801,Berlingen,890
4806,Eschenz,1743
4811,Herdern,1079
4816,Homburg,1543
4821,Hüttwilen,1729
4826,Mammern,654
4831,Müllheim,2991
4841,Pfyn,2016
4864,Steckborn,3753
4871,Wagenhausen,1694
4641,Altnau,2244
4643,Bottighofen,2226
4646,Ermatingen,3455
4651,Gottlieben,340
4656,Güttingen,1591
4666,Kemmental,2545
4671,Kreuzlingen,22004
4681,Langrickenbach,1291
4683,Lengwil,1734
4691,Münsterlingen,3476
4696,Tägerwilen,4642
4701,Wäldi,1059
4846,Raperswilen,415
4851,Salenstein,1323
4551,Aadorf,9037
4716,Bettwiesen,1247
4721,Bichelsee-Balterswil,2864
4723,Braunau,778
4724,Eschlikon,4372
4726,Fischingen,2792
4741,Lommis,1215
4746,Münchwilen (TG),5624
4751,Rickenbach (TG),2774
4761,Sirnach,7766
4776,Tobel-Tägerschen,1615
4781,Wängi,4720
4786,Wilen (TG),2521
4471,Bischofszell,6017
4476,Erlen,3750
4486,Hauptwil-Gottshaus,1953
4495,Hohentannen,586
4501,Kradolf-Schönenberg,3592
4506,Sulgen,3869
4511,Zihlschlacht-Sitterdorf,2385
4711,Affeltrangen,2552
4756,Schönholzerswilen,865
4791,Wuppenau,1111
4881,Amlikon-Bissegg,1346
4891,Berg (TG),3410
4901,Birwinken,1320
4911,Bürglen (TG),3842
4921,Bussnang,2343
4941,Märstetten,2898
4946,Weinfelden,11534
4951,Wigoltingen,2457
5001,Arbedo-Castione,5103
5002,Bellinzona,43220
5003,Cadenazzo,2952
5009,Isone,398
5010,Lumino,1513
5017,Sant'Antonino,2525
5048,Acquarossa,1808
5049,Blenio,1803
5050,Serravalle,2071
5061,Airolo,1501
5063,Bedretto,110
5064,Bodio,992
5071,Dalpe,182
5072,Faido,2903
5073,Giornico,858
5076,Personico,335
5077,Pollegio,800
5078,Prato (Leventina),406
5079,Quinto,1026
5091,Ascona,5481
5095,Brione (Verzasca),177
5096,Brione sopra Minusio,485
5097,Brissago,1737
5102,Corippo,11
5105,Frasco,112
5108,Gordola,4698
5112,Lavertezzo,1303
5113,Locarno,15826
5115,Losone,6701
5117,Mergoscia,213
5118,Minusio,7302
5120,Muralto,2682
5121,Orselina,727
5125,Ronco sopra Ascona,587
5129,Sonogno,86
5131,Tenero-Contra,3194
5135,Vogorno,282
5136,Onsernone,682
5138,Cugnasco-Gerra,2861
5396,Terre di Pedemonte,2589
5397,Centovalli,1147
5398,Gambarogno,5192
5141,Agno,4445
5143,Aranno,374
5144,Arogno,982
5146,Astano,308
5148,Bedano,1551
5149,Bedigliora,625
5151,Bioggio,2626
5154,Bissone,924
5160,Brusino Arsizio,470
5161,Cademario,775
5162,Cadempino,1530
5167,Canobbio,2249
5171,Caslano,4356
5176,Comano,2035
5178,Croglio,849
5180,Cureglia,1385
5181,Curio,559
5186,Grancia,492
5187,Gravesano,1386
5189,Lamone,1741
5192,Lugano,63185
5193,Magliaso,1620
5194,Manno,1324
5195,Maroggia,686
5196,Massagno,6226
5197,Melano,1439
5198,Melide,1802
5199,Mezzovico-Vira,1371
5200,Miglieglia,319
5202,Monteggio,870
5203,Morcote,723
5205,Muzzano,819
5206,Neggio,329
5207,Novaggio,852
5208,Origlio,1458
5210,Paradiso,4247
5212,Ponte Capriasca,1902
5213,Ponte Tresa,800
5214,Porza,1579
5216,Pura,1341
5219,Rovio,839
5221,Savosa,2213
5222,Sessa,687
5225,Sorengo,1774
5226,Capriasca,6707
5227,Torricella-Taverne,3087
5230,Vernate,592
5231,Vezia,1914
5233,Vico Morcote,405
5236,Collina d'Oro,4895
5237,Alto Malcantone,1405
5238,Monteceneri,4520
5242,Balerna,3267
5249,Castel San Pietro,2159
5250,Chiasso,7979
5251,Coldrerio,2939
5254,Mendrisio,14942
5257,Morbio Inferiore,4576
5260,Novazzano,2380
5263,Riva San Vitale,2646
5266,Stabio,4591
5268,Vacallo,3398
5269,Breggia,1988
5281,Biasca,6115
5287,Riviera,4220
5304,Bosco/Gurin,46
5307,Campo (Vallemaggia),53
5309,Cerentino,45
5310,Cevio,1159
5315,Linescio,48
5317,Maggia,2592
5323,Lavizzara,509
5324,Avegno Gordevio,1518
5401,Aigle,10119
5402,Bex,7771
5403,Chessel,426
5404,Corbeyrier,438
5405,Gryon,1332
5406,Lavey-Morcles,946
5407,Leysin,3970
5408,Noville,1118
5409,Ollon,7463
5410,Ormont-Dessous,1120
5411,Ormont-Dessus,1448
5412,Rennaz,825
5413,Roche (VD),1776
5414,Villeneuve (VD),5773
5415,Yvorne,1064
5451,Avenches,4294
5456,Cudrefin,1633
5458,Faoug,904
5464,Vully-les-Lacs,3151
5663,Bussy-sur-Moudon,214
5665,Chavannes-sur-Moudon,215
5669,Curtilles,313
5671,Dompierre (VD),239
5673,Hermenches,364
5674,Lovatens,146
5675,Lucens,4204
5678,Moudon,6135
5683,Prévonloup,184
5684,Rossenges,65
5688,Syens,159
5690,Villars-le-Comte,132
5692,Vucherens,576
5785,Corcelles-le-Jorat,442
5798,Ropraz,495
5803,Vulliens,594
5812,Champtauroz,122
5813,Chevroux,481
5816,Corcelles-près-Payerne,2480
5817,Grandcour,929
5819,Henniez,346
5821,Missy,371
5822,Payerne,9949
5827,Trey,267
5828,Treytorrens (Payerne),120
5830,Villarzel,446
5831,Valbroye,3175
5471,Bettens,590
5472,Bournens,402
5473,Boussens,969
5480,Daillens,1027
5487,Lussery-Villars,462
5489,Mex (VD),725
5495,Penthalaz,3283
5496,Penthaz,1749
5501,Sullens,1036
5503,Vufflens-la-Ville,1299
5511,Assens,1077
5512,Bercher,1238
5513,Bioley-Orjulaz,512
5514,Bottens,1297
5515,Bretigny-sur-Morrens,841
5516,Cugy (VD),2739
5518,Echallens,5740
5520,Essertines-sur-Yverdon,1023
5521,Etagnières,1116
5522,Fey,735
5523,Froideville,2579
5527,Morrens (VD),1078
5529,Oulens-sous-Echallens,616
5530,Pailly,560
5531,Penthéréaz,422
5533,Poliez-Pittet,847
5534,Rueyres,254
5535,Saint-Barthélemy (VD),781
5537,Villars-le-Terroir,1212
5539,Vuarrens,1004
5540,Montilliez,1780
5541,Goumoëns,1119
5661,Boulens,384
5680,Ogens,298
5693,Montanaire,2683
5804,Jorat-Menthue,1584
5923,Oppens,197
5551,Bonvillars,505
5552,Bullet,655
5553,Champagne,1035
5554,Concise,995
5555,Corcelles-près-Concise,403
5556,Fiez,448
5557,Fontaines-sur-Grandson,218
5559,Giez,410
5560,Grandevent,238
5561,Grandson,3357
5562,Mauborget,122
5563,Mutrux,158
5564,Novalles,101
5565,Onnens (VD),493
5566,Provence,373
5568,Sainte-Croix,4863
5571,Tévenon,876
5741,L'Abergement,248
5742,Agiez,326
5743,Arnex-sur-Orbe,630
5744,Ballaigues,1064
5745,Baulmes,1027
5746,Bavois,941
5747,Bofflens,196
5748,Bretonnières,264
5749,Chavornay,5000
5750,Les Clées,185
5752,Croy,406
5754,Juriens,308
5755,Lignerolle,419
5756,Montcherand,488
5757,Orbe,6938
5758,La Praz,165
5759,Premier,214
5760,Rances,481
5761,Romainmôtier-Envy,539
5762,Sergey,146
5763,Valeyres-sous-Rances,621
5764,Vallorbe,3837
5765,Vaulion,467
5766,Vuiteboeuf,589
5871,L'Abbaye,1476
5872,Le Chenit,4586
5873,Le Lieu,874
5902,Belmont-sur-Yverdon,384
5903,Bioley-Magnoux,226
5904,Chamblon,542
5905,Champvent,685
5907,Chavannes-le-Chêne,308
5908,Chêne-Pâquier,140
5909,Cheseaux-Noréaz,718
5910,Cronay,385
5911,Cuarny,243
5912,Démoret,141
5913,Donneloye,808
5914,Ependes (VD),358
5919,Mathod,612
5921,Molondin,236
5922,Montagny-près-Yverdon,737
5924,Orges,333
5925,Orzens,196
5926,Pomy,781
5928,Rovray,179
5929,Suchy,599
5930,Suscévaz,212
5931,Treycovagnes,477
5932,Ursins,230
5933,Valeyres-sous-Montagny,708
5934,Valeyres-sous-Ursins,233
5935,Villars-Epeney,100
5937,Vugelles-La Mothe,131
5938,Yverdon-les-Bains,30157
5939,Yvonand,3427
5582,Cheseaux-sur-Lausanne,4343
5584,Epalinges,9611
5585,Jouxtens-Mézery,1470
5586,Lausanne,139111
5587,Le Mont-sur-Lausanne,8523
5592,Romanel-sur-Lausanne,3309
5581,Belmont-sur-Lausanne,3724
5588,Paudex,1504
5590,Pully,18313
5601,Chexbres,2239
5604,Forel (Lavaux),2078
5606,Lutry,10290
5607,Puidoux,2880
5609,Rivaz,358
5610,Saint-Saphorin (Lavaux),392
5611,Savigny,3357
5613,Bourg-en-Lavaux,5369
5788,Essertes,374
5790,Maracon,491
5792,Montpreveyres,642
5799,Servion,1944
5805,Oron,5501
5806,Jorat-Mézières,2873
5421,Apples,1468
5422,Aubonne,3241
5423,Ballens,537
5424,Berolle,305
5425,Bière,1590
5426,Bougy-Villars,488
5427,Féchy,861
5428,Gimel,2190
5431,Mollens (VD),283
5432,Montherod,534
5435,Saint-Livres,689
5436,Saint-Oyens,446
5437,Saubraz,418
5474,La Chaux (Cossonay),410
5475,Chavannes-le-Veyron,142
5476,Chevilly,314
5477,Cossonay,3876
5478,Cottens (VD),486
5479,Cuarnens,478
5481,Dizy,222
5482,Eclépens,1213
5483,Ferreyres,309
5484,Gollion,941
5485,Grancy,398
5486,L'Isle,1001
5488,Mauraz,59
5490,Moiry,310
5491,Mont-la-Ville,465
5492,Montricher,949
5493,Orny,368
5494,Pampigny,1114
5497,Pompaples,847
5498,La Sarraz,2595
5499,Senarclens,488
5500,Sévery,225
5621,Aclens,535
5622,Bremblens,548
5623,Buchillon,651
5625,Bussy-Chardonney,375
5628,Chigny,359
5629,Clarmont,190
5631,Denens,747
5632,Denges,1611
5633,Echandens,2791
5634,Echichens,3058
5636,Etoy,2898
5637,Lavigny,999
5638,Lonay,2592
5639,Lully (VD),786
5640,Lussy-sur-Morges,686
5642,Morges,15708
5643,Préverenges,5287
5644,Reverolle,398
5645,Romanel-sur-Morges,458
5646,Saint-Prex,5682
5649,Tolochenaz,1933
5650,Vaux-sur-Morges,184
5652,Villars-sous-Yens,608
5653,Vufflens-le-Château,885
5654,Vullierens,508
5655,Yens,1430
5851,Allaman,442
5429,Longirod,478
5430,Marchissy,463
5434,Saint-George,1032
5701,Arnex-sur-Nyon,235
5702,Arzier-Le Muids,2698
5703,Bassins,1344
5704,Begnins,1952
5705,Bogis-Bossey,888
5706,Borex,1132
5707,Chavannes-de-Bogis,1285
5708,Chavannes-des-Bois,982
5709,Chéserex,1222
5710,Coinsins,497
5711,Commugny,2874
5712,Coppet,3146
5713,Crans-près-Céligny,2185
5714,Crassier,1177
5715,Duillier,1080
5716,Eysins,1608
5717,Founex,3775
5718,Genolier,1958
5719,Gingins,1221
5720,Givrins,1026
5721,Gland,13109
5722,Grens,389
5723,Mies,2078
5724,Nyon,21198
5725,Prangins,4038
5726,La Rippe,1167
5727,Saint-Cergue,2575
5728,Signy-Avenex,594
5729,Tannay,1573
5730,Trélex,1401
5731,Le Vaud,1310
5732,Vich,1036
5852,Bursinel,471
5853,Bursins,755
5854,Burtigny,391
5855,Dully,633
5856,Essertines-sur-Rolle,721
5857,Gilly,1322
5858,Luins,611
5859,Mont-sur-Rolle,2654
5860,Perroy,1536
5861,Rolle,6259
5862,Tartegnin,248
5863,Vinzel,358
5583,Crissier,7930
5589,Prilly,12399
5591,Renens (VD),20927
5624,Bussigny,8736
5627,Chavannes-près-Renens,7727
5635,Ecublens (VD),12863
5648,Saint-Sulpice (VD),4668
5651,Villars-Sainte-Croix,962
5841,Château-d'Oex,3461
5842,Rossinière,546
5843,Rougemont,882
5881,Blonay,6173
5882,Chardonne,2944
5883,Corseaux,2282
5884,Corsier-sur-Vevey,3391
5885,Jongny,1534
5886,Montreux,25984
5888,Saint-Légier-La Chiésaz,5184
5889,La Tour-de-Peilz,11828
5890,Vevey,19891
5891,Veytaux,880
6002,Brig-Glis,13058
6004,Eggerberg,335
6007,Naters,10075
6008,Ried-Brig,2115
6009,Simplon,305
6010,Termen,946
6011,Zwischbergen,77
6021,Ardon,3217
6022,Chamoson,3897
6023,Conthey,8797
6024,Nendaz,6623
6025,Vétroz,6372
6031,Bagnes,8096
6032,Bourg-Saint-Pierre,198
6033,Liddes,720
6034,Orsières,3187
6035,Sembrancher,1042
6036,Vollèges,2018
6052,Bellwald,378
6054,Binn,142
6056,Ernen,492
6057,Fiesch,921
6058,Fieschertal,318
6061,Lax,309
6076,Obergoms,664
6077,Goms,1216
6082,Ayent,4058
6083,Evolène,1685
6084,Hérémence,1392
6087,Saint-Martin (VS),825
6089,Vex,1811
6090,Mont-Noble,1091
6101,Agarn,718
6102,Albinen,238
6104,Ergisch,184
6109,Inden,106
6110,Leuk,3949
6111,Leukerbad,1368
6112,Oberems,122
6113,Salgesch,1548
6116,Varen,642
6117,Guttet-Feschel,414
6118,Gampel-Bratsch,1955
6119,Turtmann-Unterems,1111
6131,Bovernier,894
6132,Charrat,1849
6133,Fully,8763
6134,Isérables,832
6135,Leytron,3205
6136,Martigny,18309
6137,Martigny-Combe,2315
6139,Riddes,3133
6140,Saillon,2620
6141,Saxon,5902
6142,Trient,161
6151,Champéry,1336
6152,Collombey-Muraz,9256
6153,Monthey,17785
6154,Port-Valais,4108
6155,Saint-Gingolph,982
6156,Troistorrents,4684
6157,Val-d'Illiez,1961
6158,Vionnaz,2728
6159,Vouvry,4199
6172,Bister,33
6173,Bitsch,974
6177,Grengiols,424
6181,Riederalp,452
6191,Ausserberg,626
6192,Blatten,290
6193,Bürchen,730
6194,Eischoll,444
6195,Ferden,253
6197,Kippel,325
6198,Niedergesteln,710
6199,Raron,1945
6201,Unterbäch,436
6202,Wiler (Lötschen),565
6203,Mörel-Filet,680
6204,Steg-Hohtenn,1591
6205,Bettmeralp,462
6211,Collonges,798
6212,Dorénaz,969
6213,Evionnaz,1265
6214,Finhaut,379
6215,Massongex,1788
6217,Saint-Maurice,4572
6218,Salvan,1395
6219,Vernayaz,1885
6220,Vérossaz,770
6232,Chalais,3525
6235,Chippis,1617
6238,Grône,2414
6239,Icogne,581
6240,Lens,4198
6241,Miège,1350
6246,Saint-Léonard,2446
6248,Sierre,16801
6249,Venthône,1283
6250,Veyras,1834
6252,Anniviers,2732
6253,Crans-Montana,10449
6261,Arbaz,1280
6263,Grimisuat,3445
6265,Savièse,7716
6266,Sion,34708
6267,Veysonnaz,604
6281,Baltschieder,1328
6282,Eisten,204
6283,Embd,295
6285,Grächen,1251
6286,Lalden,649
6287,Randa,435
6288,Saas-Almagell,370
6289,Saas-Balen,347
6290,Saas-Fee,1564
6291,Saas-Grund,1000
6292,St. Niklaus,2239
6293,Stalden (VS),1086
6294,Staldenried,537
6295,Täsch,1322
6296,Törbel,481
6297,Visp,7950
6298,Visperterminen,1345
6299,Zeneggen,293
6300,Zermatt,5758
6404,Boudry,6154
6407,Corcelles-Cormondrèche,4757
6408,Cortaillod,4729
6412,Peseux,5813
6413,Rochefort,1239
6416,Milvignes,8977
6417,La Grande Béroche,8852
6421,La Chaux-de-Fonds,37952
6422,Les Planchettes,210
6423,La Sagne,1019
6431,Les Brenets,1044
6432,La Brévine,630
6433,Brot-Plamboz,270
6434,Le Cerneux-Péquignot,311
6435,La Chaux-du-Milieu,492
6436,Le Locle,10216
6437,Les Ponts-de-Martel,1248
6451,Cornaux,1563
6452,Cressier (NE),1887
6453,Enges,272
6454,Hauterive (NE),2623
6455,Le Landeron,4645
6456,Lignières,968
6458,Neuchâtel,33489
6459,Saint-Blaise,3212
6461,La Tène,5000
6485,Valangin,509
6487,Val-de-Ruz,16990
6504,La Côte-aux-Fées,442
6511,Les Verrières,669
6512,Val-de-Travers,10668
6601,Aire-la-Ville,1184
6602,Anières,2403
6603,Avully,1757
6604,Avusy,1416
6605,Bardonnex,2299
6606,Bellevue,3300
6607,Bernex,10234
6608,Carouge (GE),22458
6609,Cartigny,974
6610,Céligny,799
6611,Chancy,1686
6612,Chêne-Bougeries,12215
6613,Chêne-Bourg,8708
6614,Choulex,1179
6615,Collex-Bossy,1713
6616,Collonge-Bellerive,8204
6617,Cologny,5574
6618,Confignon,4626
6619,Corsier (GE),2108
6620,Dardagny,1864
6621,Genève,201818
6622,Genthod,2782
6623,Le Grand-Saconnex,12167
6624,Gy,477
6625,Hermance,1062
6626,Jussy,1279
6627,Laconnex,699
6628,Lancy,32851
6629,Meinier,2131
6630,Meyrin,25255
6631,Onex,18964
6632,Perly-Certoux,3052
6633,Plan-les-Ouates,10657
6634,Pregny-Chambésy,3881
6635,Presinge,713
6636,Puplinge,2468
6637,Russin,541
6638,Satigny,4187
6639,Soral,853
6640,Thônex,14122
6641,Troinex,2501
6642,Vandoeuvres,2484
6643,Vernier,34791
6644,Versoix,13432
6645,Veyrier,11612
6702,Boécourt,914
6703,Bourrignon,262
6704,Châtillon (JU),481
6706,Courchapoix,426
6708,Courrendlin,3064
6709,Courroux,3314
6710,Courtételle,2612
6711,Delémont,12682
6712,Develier,1354
6713,Ederswiler,122
6715,Mervelier,500
6716,Mettembert,107
6718,Movelier,422
6719,Pleigne,356
6720,Rebeuvelier,384
6721,Rossemaison,637
6722,Saulcy,260
6724,Soyhières,433
6728,Vellerat,71
6729,Haute-Sorne,6987
6730,Val Terbi,3202
6741,Le Bémont (JU),317
6742,Les Bois,1241
6743,Les Breuleux,1526
6744,La Chaux-des-Breuleux,90
6745,Les Enfers,133
6748,Les Genevez (JU),502
6750,Lajoux (JU),673
6751,Montfaucon,603
6753,Muriaux,502
6754,Le Noirmont,1847
6757,Saignelégier,2609
6758,Saint-Brais,220
6759,Soubey,126
6771,Alle,1850
6773,Beurnevésin,123
6774,Boncourt,1225
6775,Bonfol,666
6778,Bure,659
6781,Coeuve,734
6782,Cornol,1010
6783,Courchavon,294
6784,Courgenay,2331
6785,Courtedoux,765
6787,Damphreux,176
6789,Fahy,350
6790,Fontenais,1685
6792,Grandfontaine,395
6793,Lugnez,186
6800,Porrentruy,6678
6806,Vendlincourt,540
6807,Basse-Allaine,1230
6808,Clos du Doubs,1286
6809,Haute-Ajoie,1095
6810,La Baroche,1162